Handle,Title,Body (HTML),Vendor,Type,Tags,Published,Option1 Name,Option1 Value,Variant SKU,Variant Inventory Policy,Variant Fulfillment Service,Variant Price,Variant Requires Shipping,Variant Taxable,Status
funny-face-ski-mask,Funny Face Ski Mask,"<p>Every ski trip has <em>that</em> photo. This is how you end up in it.</p><ul><li>Double-layer knit, fleece-lined face</li><li>Wide, goggle-ready eye port</li><li>Breathable mouth zone</li><li>Fits under most helmets</li><li>Ships in a drawstring pouch</li></ul>",Jolly Haul,Ski Mask,"trending, viral, cat-masks, art-gramps",TRUE,Face,Gramps,JH-MASK-GRAMPS,continue,manual,39.99,TRUE,TRUE,active
funny-face-ski-mask,,,,,,,,The Cat,JH-MASK-CAT,continue,manual,39.99,TRUE,TRUE,
funny-face-ski-mask,,,,,,,,Tiger,JH-MASK-TIGER,continue,manual,39.99,TRUE,TRUE,
funny-face-ski-mask,,,,,,,,Corgi,JH-MASK-CORGI,continue,manual,39.99,TRUE,TRUE,
funny-face-ski-mask,,,,,,,,The Elf,JH-MASK-ELF,continue,manual,39.99,TRUE,TRUE,
snowfall-star-projector,Snowfall Star Projector,"<p>Turns any ceiling into a starry Christmas sky in seconds. Quiet, USB-powered, with a sleep timer.</p>",Jolly Haul,Projector,"trending, viral, cat-projectors, art-projector",TRUE,Title,Default Title,JH-PROJ-STAR,continue,manual,49.99,TRUE,TRUE,active
baby-reindeer-onesie,Baby Reindeer Onesie,<p>Soft onesie with an antler hood and a little red nose. Snap closures for easy changes.</p>,Jolly Haul,Baby Costume,"trending, new, cat-baby, art-onesie",TRUE,Title,Default Title,JH-BABY-REIN,continue,manual,29.99,TRUE,TRUE,active
sleigh-queen-ugly-sweater,“Sleigh Queen” Ugly Sweater,"<p>Proudly tacky, actually cosy. Soft knit, unisex fit.</p>",Jolly Haul,Sweater,"trending, cat-sweaters, art-sweater",TRUE,Title,Default Title,JH-SWTR-SLEIGH,continue,manual,44.99,TRUE,TRUE,active
elf-ski-mask,Elf Ski Mask,"<p>Santa's most reckless helper, now on the slopes. Chunky knit with pointy ears and a bell collar.</p>",Jolly Haul,Ski Mask,"trending, new, cat-masks, art-elf",TRUE,Title,Default Title,JH-MASK-ELF2,continue,manual,39.99,TRUE,TRUE,active
light-up-ornament-set,Light-Up Ornament Set (6),"<p>Six shatter-proof baubles with a warm LED glow. Battery powered, timer included.</p>",Jolly Haul,Decor,"trending, cat-decor, art-ornament",TRUE,Title,Default Title,JH-ORN-SET6,continue,manual,24.99,TRUE,TRUE,active
mystery-stocking-stuffer-box,Mystery Stocking Stuffer Box,"<p>Five small, funny, giftable surprises picked from this season's viral finds.</p>",Jolly Haul,Gift,"trending, viral, cat-stuffers, art-gift",TRUE,Title,Default Title,JH-GIFT-BOX,continue,manual,19.99,TRUE,TRUE,active
warm-white-curtain-lights,Warm-White Curtain Lights,"<p>3 m × 3 m of soft fairy lights for windows and walls. Eight modes, remote included.</p>",Jolly Haul,Lights,"trending, cat-decor, art-lights",TRUE,Title,Default Title,JH-LIGHT-CURT,continue,manual,34.99,TRUE,TRUE,active
